Seed,PSO,DE,PulseGreedy
Seed 1,2900.00048828125,3000.019775390625,3173.324462890625
Seed 2,2900.00048828125,3000.00244140625,2999.74560546875
Seed 3,2900.00048828125,3000.00146484375,3003.831787109375
Seed 4,3288.856201171875,2900.004150390625,3293.357421875
Seed 5,3310.373046875,3000.00390625,3245.30712890625
Seed 6,2900.000244140625,3000.005126953125,3122.14306640625
Seed 7,3302.4189453125,3000.001953125,3086.3046875
Seed 8,2900.079345703125,3000.002197265625,3037.899169921875
Seed 9,2936.44677734375,3000.0048828125,3051.06298828125
Seed 10,2900.00048828125,3000.004150390625,3009.812255859375
Seed 11,2900.000244140625,3000.001953125,3014.76708984375
Seed 12,2600.06591796875,3000.00146484375,3196.21240234375
Seed 13,3328.236572265625,3000.00439453125,3019.732666015625
Seed 14,2900.000244140625,3000.002685546875,3050.272216796875
Seed 15,3316.943603515625,3000.001953125,2629.692138671875
