Seed,PSO,DE,PulseGreedy
Seed 1,308.39666748046875,805.9804077148438,306.0862121582031
Seed 2,300.323486328125,779.6571044921875,300.1715087890625
Seed 3,300.6938781738281,990.7874145507812,305.7562561035156
Seed 4,300.0633239746094,888.776123046875,350.3964538574219
Seed 5,303.3592224121094,784.6836547851562,300.0171813964844
Seed 6,390.1256408691406,634.26611328125,307.811279296875
Seed 7,332.8641357421875,753.8436279296875,302.4412536621094
Seed 8,311.2024841308594,680.3572998046875,313.6653747558594
Seed 9,300.42608642578125,668.3200073242188,300.0042419433594
Seed 10,390.6071472167969,891.8685913085938,655.514404296875
Seed 11,300.15289306640625,969.6602783203125,308.4389953613281
Seed 12,325.3453369140625,1080.284912109375,308.7887268066406
Seed 13,459.7322998046875,744.4521484375,338.3116760253906
Seed 14,402.8348388671875,958.347900390625,306.3946533203125
Seed 15,301.21038818359375,573.9657592773438,311.1676330566406
